{"cameraMode":{"drawMode":0,"name":"Shaded","section":"Shading Mode"},"sceneLighting":true,"audioPlay":false,"sceneViewState":{"showFog":true,"showMaterialUpdate":false,"showSkybox":true,"showFlares":true,"showImageEffects":true,"showParticleSystems":true},"in2DMode":false,"pivot":{"x":82.20000457763672,"y":220.3000030517578,"z":12.699999809265137},"rotation":{"x":0.19114460051059724,"y":0.39872702956199648,"z":-0.08536019921302796,"w":0.8928594589233398},"size":268.60052490234377,"orthographic":false}